Coin,Risk
BTC,0.121878
LINK,0.088818
ADA,0.082172
XRP,0.080869
MATIC,0.07062
XLM,0.069137
DOT,0.046772
ETC,0.038716
BCH,0.035372
BNB,0.033869
