Coin,Risk
BTC,1.182582
ICP,1.077398
ADA,1.042715
BCH,1.015357
DOT,0.992018
LTC,0.9877
UNI,0.945008
XLM,0.926417
ETH,0.908612
ETC,0.877578
