Coin,Risk
DOT,0.496415
BCH,0.392415
BNB,0.369514
XRP,0.331203
UNI,0.248328
ETH,0.193018
BTC,0.172924
XLM,0.172682
LTC,0.145033
ADA,0.10835
