Coin,Risk
ETC,0.038095
XRP,0.019944
LINK,0.018762
MATIC,0.015195
DOT,0.012792
DOGE,0.01195
BTC,0.011731
BCH,0.00987
UNI,0.00637
ADA,0.004706
